0,EMPTY
0,EMPTY
0,EMPTY
0,EMPTY
0,EMPTY
0,EMPTY
0,EMPTY
0,EMPTY
0,EMPTY
0,EMPTY
0,EMPTY
0,EMPTY
0,EMPTY
0,EMPTY
0,EMPTY
0,EMPTY
0,EMPTY
0,EMPTY
0,EMPTY
0,EMPTY
1216,LOW
1217,LOW
1149,LOW
1178,LOW
1122,LOW
1135,LOW
1115,LOW
1152,LOW
1097,LOW
1168,LOW
1174,LOW
1187,LOW
1264,LOW
1245,LOW
1216,LOW
1155,LOW
1253,LOW
1247,LOW
1231,LOW
1238,LOW
1627,MEDIUM
1635,MEDIUM
1616,MEDIUM
1597,MEDIUM
1510,MEDIUM
1513,MEDIUM
1504,MEDIUM
1534,MEDIUM
1535,MEDIUM
1514,MEDIUM
1525,MEDIUM
1555,MEDIUM
1595,MEDIUM
1603,MEDIUM
1628,MEDIUM
1639,MEDIUM
1603,MEDIUM
1585,MEDIUM
1589,MEDIUM
1645,MEDIUM
2007,HIGH
2015,HIGH
2000,HIGH
2015,HIGH
2013,HIGH
2006,HIGH
2005,HIGH
2013,HIGH
2002,HIGH
2000,HIGH
2001,HIGH
2000,HIGH
2000,HIGH
2000,HIGH
2000,HIGH
2005,HIGH
2002,HIGH
2005,HIGH
2015,HIGH
2007,HIGH
2125,FULL
2137,FULL
2148,FULL
2135,FULL
2160,FULL
2166,FULL
2165,FULL
2167,FULL
2149,FULL
2162,FULL
2167,FULL
2165,FULL
2165,FULL
2178,FULL
2151,FULL
2157,FULL
2147,FULL
2161,FULL
2154,FULL
2159,FULL



